URL,Title,Full_Text_Extract,Saved_At
https://hbr.org/2023/11/ai-customer-service-frontier,"How AI is Changing Customer Service","Leading firms are deploying LLMs to handle Tier 1 support. The shift from deflection to resolution is critical. Context window management allows agents to see full customer history. Integrating CRM data with generative models reduces hallucinations.",2023-11-15T10:42:00Z
https://reforge.com/blog/onboarding-retention-metrics,"The Onboarding-Retention Loop","Onboarding isn't just a walkthrough; it's about the first value moment (Aha!). Metrics should track time-to-value (TTV). Redesigning for psychological momentum requires removing friction in the first 30 seconds of the app experience.",2023-12-01T14:20:00Z
https://stratechery.com/2023/pricing-models-saas,"Usage-Based Pricing and the Cloud","The shift from per-seat to usage-based pricing aligns incentives between vendor and customer. Implementation requires robust metering infrastructure and clear communication of value metrics to avoid 'sticker shock' at the end of the billing cycle.",2023-10-20T09:15:00Z
https://intercom.com/blog/ai-support-agent-strategy,"Building the Modern Support Stack","AI agents are no longer just chatbots. They require structured knowledge bases and real-time API access to perform actions like processing refunds or updating shipping status. The goal is a seamless handoff between AI and human agents.",2023-12-10T11:05:00Z
https://growth.design/case-studies/onboarding-ux,"UX Case Study: Reducing Cognitive Load","Analyzing successful onboarding flows shows that progressive disclosure beats massive tutorials. Users need to feel in control. Using 'empty states' as educational opportunities significantly boosts long-term engagement and reduces churn.",2023-11-28T16:45:00Z
https://pennylane.com/blog/usage-based-billing-challenges,"The Engineering Hurdles of Usage-Based Billing","Metering events at scale requires idempotent processing pipelines. Billing engines must handle high-throughput telemetry. Transparency in usage tracking is the primary factor in customer trust for variable cost models.",2024-01-05T08:30:00Z
https://a16z.com/generative-ai-for-enterprise-support,"LLMs in the Enterprise: The Support Use Case","Enterprises care about security and accuracy. RAG (Retrieval-Augmented Generation) is the standard for grounding AI responses in company-specific documentation. Fine-tuning is often overkill compared to high-quality prompt engineering.",2023-11-05T13:12:00Z
https://productled.com/blog/onboarding-redesign-framework,"A Framework for Onboarding Redesign","Start by mapping the 'happy path'. Identify where users drop off during the signup flow. Personalization based on user persona (e.g., admin vs. contributor) increases the relevance of the initial walkthrough.",2023-12-15T17:50:00Z
https://mvp.com/saas-pricing-strategies-2024,"2024 SaaS Pricing Trends","Hybrid models—base fee plus usage—are becoming the industry standard. This provides predictable revenue while capturing upside from heavy users. Pricing transparency and 'usage alerts' are essential for customer success teams.",2024-01-12T10:00:00Z
https://techcrunch.com/2023/12/ai-copilot-startup-funding,"The Rise of the Support Copilot","Startups are raising millions to build 'copilots' for support agents. These tools suggest replies, summarize long threads, and find relevant documentation automatically, increasing agent productivity by up to 40%.",2023-12-20T09:22:00Z
https://nngroup.com/articles/onboarding-best-practices,"Onboarding UX: Best Practices for Complex Apps","For complex B2B tools, onboarding must be asynchronous. Checklists with progress bars take advantage of the Zeigarnik effect. Avoid 'tour' modals that users instinctively skip without reading.",2023-11-10T15:33:00Z
https://chargebee.com/blog/transitioning-to-usage-pricing,"Moving from Fixed to Usage-Based Billing","The biggest risk is revenue volatility. Companies must model scenarios before switching. Communication is key: explain why the change benefits the customer (pay for what you use). Provide a transition period with price caps.",2024-01-08T14:10:00Z
https://openai.com/blog/custom-instructions-for-support,"Custom Instructions for Customer Support AI","Allowing support teams to define the 'voice and tone' of the AI ensures brand consistency. Instructions should include 'what not to say' and specific protocols for escalating sensitive issues to human supervisors.",2023-11-22T11:45:00Z
https://uxplanet.org/onboarding-gamification-that-works,"Gamifying the Onboarding Experience","Points and badges are less effective than a sense of mastery. Show users their progress toward becoming a 'power user'. Reward the completion of key setup tasks with access to advanced features.",2023-12-05T12:00:00Z
https://openviewpartners.com/blog/usage-based-pricing-playbook,"The Ultimate Usage-Based Pricing Playbook","Determine your value metric: is it API calls, data stored, or seats? The metric must be easy for the customer to measure and control. Aligning sales incentives is the hardest part of the transition.",2023-10-15T08:55:00Z
https://medium.com/ai-product-design/designing-ai-copilots,"UX Design for AI Copilots","The UI must clearly distinguish between AI-generated content and human input. Confidence scores help agents decide whether to trust a suggested response. Feedback loops (thumbs up/down) are vital for model improvement.",2023-11-30T16:20:00Z
https://amplitude.com/blog/onboarding-conversion-optimization,"Optimizing Onboarding for Conversion","Use A/B testing to find the optimal number of steps in a signup flow. Often, adding a step to ask about user goals increases later conversion because the experience feels more tailored.",2023-12-18T10:30:00Z
https://zuora.com/guides/implementing-usage-based-billing,"Technical Guide to Usage Billing","Real-time rating engines are necessary for modern usage-based models. Decoupling the 'event' from the 'invoice' allows for flexible pricing experiments without rewriting the core codebase.",2024-01-02T13:40:00Z
https://venturebeat.com/ai/customer-service-automation-trends,"The Future of Automated Support","Multimodal AI (text, image, voice) will redefine support. Imagine a customer taking a photo of a broken part and the AI identifying the order and initiating a replacement instantly. Human agents will focus on high-empathy cases.",2023-12-28T09:15:00Z
https://baymard.com/blog/onboarding-ux-friction,"Where Friction is Good in Onboarding","Not all friction is bad. Asking users to select their interests or connect integrations early on can lead to a much higher 'perceived value' once they reach the main dashboard.",2023-11-02T15:10:00Z
https://saastr.com/usage-based-pricing-mistakes,"Common Mistakes in Usage-Based Pricing","Mistake #1: Complex pricing that no one can calculate in their head. Mistake #2: Not providing a 'free tier' for developers to experiment. Mistake #3: Ignoring the impact on Gross Margins.",2023-10-25T11:25:00Z
https://towardsdatascience.com/rag-for-customer-support,"Implementing RAG for Support Knowledge Bases","Retrieval-Augmented Generation relies on high-quality vector embeddings. Document chunking strategies significantly impact the relevance of the retrieved context. Metadata filtering helps narrow down results by product version.",2024-01-10T14:55:00Z
https://userpilot.com/blog/onboarding-checklists-ux,"The Power of Onboarding Checklists","Checklists provide a clear roadmap. Each item should be an 'action' rather than a 'feature'. Seeing 2/5 tasks completed motivates the user to finish the setup to achieve a sense of closure.",2023-12-08T16:05:00Z
https://forbes.com/sites/saas-pricing-evolution,"The Evolution of SaaS Pricing Models","We are moving toward 'Outcome-Based Pricing'. If the software doesn't deliver the result, the customer doesn't pay. This is the ultimate evolution of usage-based models, enabled by better data tracking.",2024-01-14T08:20:00Z
https://blog.langchain.dev/agentic-support-workflows,"Building Agentic Workflows for Support","Agents shouldn't just talk; they should use tools. Integrating LangChain with Zendesk or Salesforce allows the AI to look up tickets, update user records, and summarize past interactions automatically.",2023-12-03T11:40:00Z
https://appcues.com/blog/onboarding-personalization,"Personalizing the First Run Experience","Use 'branching' onboarding. Ask: 'What is your role?' and 'What do you want to achieve today?' This allows the UI to hide irrelevant features and focus on the user's specific pain points.",2023-11-20T14:30:00Z
https://paddle.com/blog/pricing-strategy-usage-vs-subscription,"Usage vs. Subscription: Which is Right?","Subscriptions offer stability; usage offers scalability. High-growth companies often use a 'drawdown' model where customers prepay for credits that are consumed over time. This balances both needs.",2023-10-12T10:50:00Z
https://zdnet.com/article/ai-in-customer-experience-2024,"CX Trends to Watch in 2024","Hyper-personalization is the goal. AI will anticipate customer needs before they even reach out. For example, if a user hits an error page three times, the AI copilot proactively offers help.",2024-01-15T09:00:00Z
https://intercom.design/onboarding-for-retention,"Designing Onboarding for Long-Term Retention","The first 7 days are the most critical. Onboarding shouldn't end after the first session. Use triggered emails and in-app messages to guide users toward 'Level 2' features once they've mastered the basics.",2023-11-18T13:25:00Z
https://techcrunch.com/2023/10/billing-infrastructure-startups,"The New Wave of Billing Infrastructure","Startups like Metronome and Orb are solving the 'usage-based billing' problem. They provide the connective tissue between product events and the invoice, allowing PMs to change pricing without engineering help.",2023-10-28T11:15:00Z
https://arxiv.org/abs/2311.12345,"Evaluating LLM Performance in Support Tasks","A study on how different LLMs handle technical support queries. GPT-4 shows high accuracy but slower latency. Claude 2.1 excels at long-context document retrieval. Latency is the biggest barrier to real-time copilot adoption.",2023-11-25T15:40:00Z
https://dribbble.com/blog/onboarding-ui-trends,"2024 Onboarding UI Trends","Minimalism is back. Heavy use of video in onboarding is declining in favor of interactive, hands-on tutorials. Micro-animations help guide the eye to the next important button or field.",2023-12-22T10:10:00Z
https://pendo.io/glossary/usage-based-pricing,"What is Usage-Based Pricing?","A definition of the model where costs scale with consumption. Benefits include lower barriers to entry and natural upsell. Risks include unpredictable revenue for the vendor and budget uncertainty for the buyer.",2023-10-05T09:45:00Z
https://microsoft.com/en-us/research/blog/copilot-efficiency-study,"Measuring the Impact of AI Copilots","Microsoft researchers found that developers using GitHub Copilot completed tasks 55% faster. Similar gains are expected in customer support, though quality control remains a top concern for managers.",2023-11-12T12:30:00Z
https://chameleon.io/blog/onboarding-friction-points,"Identifying Onboarding Friction Points","Common drop-off points: email verification, complex password requirements, and 'the blank slate'—where a user logs in and doesn't know what to do first. Solve this with template libraries.",2023-11-29T14:20:00Z
https://subscript.com/blog/b2b-saas-billing-complexity,"Managing B2B Billing Complexity","B2B SaaS often involves custom contracts, tiered discounts, and usage caps. A flexible billing engine must handle 'true-ups' and 'true-downs' at the end of every quarter without manual intervention.",2024-01-04T11:05:00Z
https://blog.crisp.chat/customer-support-automation-guide,"The Ultimate Guide to Support Automation","Automation should be invisible. If a customer knows they are talking to a bot, their patience drops. Use AI to draft responses that humans then review and send to maintain a personal touch.",2023-12-05T16:50:00Z
https://heap.io/blog/onboarding-analysis-data,"Data-Driven Onboarding Optimization","Use cohort analysis to see which onboarding steps correlate with long-term retention. If users who connect their Slack account are 3x more likely to stay, make that a mandatory part of the flow.",2023-11-23T08:40:00Z
https://metronome.com/blog/usage-based-pricing-best-practices,"Best Practices for Metered Billing","Ensure your metering is 'event-based'. Each event should carry metadata (user_id, feature_id, timestamp). This allows for granular reporting and the ability to offer 'free usage credits' for specific features.",2023-10-18T13:15:00Z
https://fastcompany.com/9090000/ai-support-agents-ethics,"The Ethics of AI in Customer Support","Transparency is paramount. Companies should disclose when a customer is interacting with an AI. Also, bias in training data can lead to unfair treatment of certain customer segments.",2023-12-12T10:00:00Z
https://fullstory.com/blog/onboarding-ux-frustration-signals,"Detecting Onboarding Frustration","Watch for 'rage clicks' and 'dead clicks' during the first session. These are indicators that your onboarding flow is confusing. Real-time session replay can help identify exactly where users get stuck.",2023-12-07T15:30:00Z
https://togo.com/saas-pricing-models-comparison,"Comparing SaaS Pricing Models","Flat-rate vs. Tiered vs. Usage-based. Usage-based is best for infrastructure and API products. Tiered is best for feature-heavy B2B apps. Flat-rate is increasingly rare in the enterprise space.",2023-10-30T09:20:00Z
https://wired.com/story/the-future-of-the-help-desk,"The Help Desk of the Future","AI will handle the 'boring' stuff, allowing humans to tackle complex, high-stakes problems. This will lead to higher job satisfaction for support agents who currently deal with repetitive queries.",2023-11-08T11:45:00Z
https://segment.com/blog/personalizing-onboarding-with-data,"Using Customer Data to Personalize Onboarding","By pulling data from clearbit or zoominfo during signup, you can tailor the onboarding experience based on company size and industry without asking the user a dozen questions.",2023-11-27T12:10:00Z
https://orb.com/blog/announcing-usage-based-pricing-features,"New Tools for Usage-Based Pricing Support","Announcing new features for managing 'credits' and 'pre-paid' models. Customers can now see their real-time balance and set up auto-recharge, reducing the friction of the billing process.",2023-10-10T14:55:00Z
...[TRUNCATED FOR BREVITY - 75 ADDITIONAL ROWS SIMILAR TO ABOVE]...
